user_ids,user_names
1,李华
2,王伟
3,张伟
4,王芳
5,李明
6,张静
7,王军
8,李强
9,王艳
10,李杰
11,张平
12,王超
13,李秀英
14,张娟
15,王勇
16,李敏
17,王平
18,张涛
19,李刚
20,王秀兰
21,张华
22,王建军
23,李丽
24,张磊
25,王桂英
26,李亮
27,张鑫
28,王丽
29,李磊
30,张刚
31,王杰
32,李桂英
33,张帅
34,王冰
35,李宇
36,张志弘
37,王强
38,李小刚
39,张宇
40,王华
41,李文
42,张丽
43,王宇
44,李勇
45,张军
46,王文
47,李霞
48,张文
49,王鑫
50,李红卫
51,张超
52,王莉
53,李芳
54,张秀英
55,王敏
56,李平
57,张杰
58,王翔鹏
59,黄飞杰
60,张秀兰
61,钱伟
62,李超
63,杨虎
64,肖芳
65,李雪
66,张霞
67,王亮
68,李军
69,张艳
70,王磊
71,李娜
72,陈译
73,王秀英
74,李峰
75,赵峰
76,华杰
77,李辉
78,张建军
79,宋飞
80,李宁
81,张亮
82,陈思思
83,李琴
84,张勇
85,文浩
86,李坤
87,田梓朝
88,王刚
89,李红
90,于亮
91,王秀荣
92,林峰
93,袁敖
94,王洋
95,李秋
96,张波
97,王海
98,李庆
99,张云
100,王俊
